,title,url,time_published,authors,summary,banner_image,source,category_within_source,source_domain,topics,overall_sentiment_score,overall_sentiment_label,ticker_sentiment
0,"Music Production Software Market to Grow by USD 432.8 Million  ( 2025-2029 ) , Rising Number of Musicians and Artists Boost Market, AI-Driven Transformation - Technavio",https://www.benzinga.com/pressreleases/25/01/n42777881/music-production-software-market-to-grow-by-usd-432-8-million-2025-2029-rising-number-of-musicians,2025-01-02 23:10:00,['PRNewswire'],"NEW YORK, Jan. 2, 2025 /PRNewswire/ -- Report with the AI impact on market trends - The global music production software market size is estimated to grow by USD 432.8 million from 2025-2029, according to Technavio. The market is estimated to grow at a CAGR of almost 7.7% during the forecast ...",https://mma.prnewswire.com/media/2588696/Technavio_Global_Music_Production_Software_Market.jpg,Benzinga,General,www.benzinga.com,"[{'topic': 'Technology', 'relevance_score': '1.0'}, {'topic': 'Financial Markets', 'relevance_score': '0.360215'}]",0.334878,Somewhat-Bullish,"[{'ticker': 'ADBE', 'relevance_score': '0.022903', 'ticker_sentiment_score': '0.040564', 'ticker_sentiment_label': 'Neutral'}, {'ticker': 'YAMCF', 'relevance_score': '0.022903', 'ticker_sentiment_score': '0.040564', 'ticker_sentiment_label': 'Neutral'}, {'ticker': 'AAPL', 'relevance_score': '0.022903', 'ticker_sentiment_score': '0.040564', 'ticker_sentiment_label': 'Neutral'}]"
1,"Stock Market's New Year Mantra - Trump, Bitcoin, AI, And Quantum Will Fix Everything - EOG Resources  ( NYSE:EOG ) , Devon Energy  ( NYSE:DVN ) ",https://www.benzinga.com/trading-ideas/25/01/42773997/stock-markets-new-year-mantra-trump-bitcoin-ai-and-quantum-will-fix-everything,2025-01-02 20:32:10,['The Arora Report'],"To gain an edge, this is what you need to know today. An enlarged chart of SPDR S&P 500 ETF Trust which represents the benchmark stock market index S&P 500 ( SPX ) . Trump will fix everything. At The Arora Report, we would like nothing more than to see Trump succeed.",https://thearorareport.com/wp-content/uploads/2025/01/2025-01-02_08h31_20.png,Benzinga,Trading,www.benzinga.com,"[{'topic': 'Economy - Monetary', 'relevance_score': '0.158519'}, {'topic': 'Financial Markets', 'relevance_score': '1.0'}, {'topic': 'Manufacturing', 'relevance_score': '0.25'}, {'topic': 'Energy & Transportation', 'relevance_score': '0.25'}, {'topic': 'Technology', 'relevance_score': '0.25'}, {'topic': 'Finance', 'relevance_score': '0.25'}]",0.252502,Somewhat-Bullish,"[{'ticker': 'MSFT', 'relevance_score': '0.039033', 'ticker_sentiment_score': '0.154776', 'ticker_sentiment_label': 'Somewhat-Bullish'}, {'ticker': 'GOOG', 'relevance_score': '0.039033', 'ticker_sentiment_score': '0.154776', 'ticker_sentiment_label': 'Somewhat-Bullish'}, {'ticker': 'META', 'relevance_score': '0.039033', 'ticker_sentiment_score': '0.154776', 'ticker_sentiment_label': 'Somewhat-Bullish'}, {'ticker': 'NVDA', 'relevance_score': '0.039033', 'ticker_sentiment_score': '0.154776', 'ticker_sentiment_label': 'Somewhat-Bullish'}, {'ticker': 'AAPL', 'relevance_score': '0.039033', 'ticker_sentiment_score': '-0.286532', 'ticker_sentiment_label': 'Somewhat-Bearish'}, {'ticker': 'RRC', 'relevance_score': '0.077972', 'ticker_sentiment_score': '0.153941', 'ticker_sentiment_label': 'Somewhat-Bullish'}, {'ticker': 'EQT', 'relevance_score': '0.077972', 'ticker_sentiment_score': '0.153941', 'ticker_sentiment_label': 'Somewhat-Bullish'}, {'ticker': 'EOG', 'relevance_score': '0.077972', 'ticker_sentiment_score': '0.153941', 'ticker_sentiment_label': 'Somewhat-Bullish'}, {'ticker': 'IVZ', 'relevance_score': '0.039033', 'ticker_sentiment_score': '0.261438', 'ticker_sentiment_label': 'Somewhat-Bullish'}, {'ticker': 'DVN', 'relevance_score': '0.077972', 'ticker_sentiment_score': '0.153941', 'ticker_sentiment_label': 'Somewhat-Bullish'}, {'ticker': 'RYDAF', 'relevance_score': '0.039033', 'ticker_sentiment_score': '0.147801', 'ticker_sentiment_label': 'Neutral'}, {'ticker': 'FOREX:USD', 'relevance_score': '0.039033', 'ticker_sentiment_score': '0.110782', 'ticker_sentiment_label': 'Neutral'}, {'ticker': 'CRYPTO:BTC', 'relevance_score': '0.230965', 'ticker_sentiment_score': '0.202233', 'ticker_sentiment_label': 'Somewhat-Bullish'}]"
2,Some Investors Are Selling Apple Stock Thursday: Here's Why - Apple  ( NASDAQ:AAPL ) ,https://www.benzinga.com/news/global/25/01/42773823/some-investors-are-selling-apple-stock-thursday-heres-why,2025-01-02 20:25:09,['Adam Eckert'],"Apple is running a four-day promotional period, discounting iPhone models in China by up to 500 yuan. Apple is reportedly battling market share declines as local competition intensifies in China. Get Monthly Picks of Market's Fastest Movers",https://cdn.benzinga.com/files/images/story/2025/01/02/Apple-iOS-18-hero.jpeg?width=1200&height=800&fit=crop,Benzinga,News,www.benzinga.com,"[{'topic': 'Technology', 'relevance_score': '1.0'}, {'topic': 'Financial Markets', 'relevance_score': '0.684621'}]",0.100772,Neutral,"[{'ticker': 'AAPL', 'relevance_score': '0.82023', 'ticker_sentiment_score': '0.185768', 'ticker_sentiment_label': 'Somewhat-Bullish'}]"
3,"Market Clubhouse Morning Memo - January 2nd, 2024  ( Trade Strategy For SPY, QQQ, AAPL, MSFT, NVDA, GOOGL, META and TSLA ) ",https://www.benzinga.com/trading-ideas/25/01/42771813/market-clubhouse-morning-memo-january-2nd-2024-trade-strategy-for-spy-qqq-aapl-msft-nvda-googl-meta,2025-01-02 19:02:52,['RIPS'],"Good Morning Traders! In today's Market Clubhouse Morning Memo, we will discuss SPY, QQQ, AAPL, MSFT, NVDA, GOOGL, META, and TSLA. Our proprietary formula, exclusive to Market Clubhouse, dictates these price levels. This dynamic equation takes into account price, volume, and options flow.",https://www.benzinga.com/next-assets/images/schema-image-default.png,Benzinga,Trading,www.benzinga.com,"[{'topic': 'Technology', 'relevance_score': '0.5'}, {'topic': 'Financial Markets', 'relevance_score': '0.752319'}, {'topic': 'Manufacturing', 'relevance_score': '0.5'}]",0.114292,Neutral,"[{'ticker': 'MSFT', 'relevance_score': '0.097589', 'ticker_sentiment_score': '0.155584', 'ticker_sentiment_label': 'Somewhat-Bullish'}, {'ticker': 'GOOG', 'relevance_score': '0.032602', 'ticker_sentiment_score': '0.075187', 'ticker_sentiment_label': 'Neutral'}, {'ticker': 'NVDA', 'relevance_score': '0.129866', 'ticker_sentiment_score': '0.008634', 'ticker_sentiment_label': 'Neutral'}, {'ticker': 'SPGI', 'relevance_score': '0.032602', 'ticker_sentiment_score': '-0.044821', 'ticker_sentiment_label': 'Neutral'}, {'ticker': 'AAPL', 'relevance_score': '0.129866', 'ticker_sentiment_score': '-0.068991', 'ticker_sentiment_label': 'Neutral'}, {'ticker': 'TSLA', 'relevance_score': '0.161928', 'ticker_sentiment_score': '0.036983', 'ticker_sentiment_label': 'Neutral'}]"
4,"Assessing Apple's Performance Against Competitors In Technology Hardware, Storage & Peripherals Industry - Apple  ( NASDAQ:AAPL ) ",https://www.benzinga.com/insights/news/25/01/42765848/assessing-apples-performance-against-competitors-in-technology-hardware-storage-amp-peripherals-ind,2025-01-02 16:00:28,['Benzinga Insights'],"In today's rapidly changing and fiercely competitive business landscape, it is vital for investors and industry enthusiasts to carefully evaluate companies. In this article, we will perform a comprehensive industry comparison, evaluating Apple AAPL against its key competitors in the Technology ...",https://www.benzinga.com/files/images/story/2025/1735830025_0.png,Benzinga,News,www.benzinga.com,"[{'topic': 'Earnings', 'relevance_score': '0.95493'}, {'topic': 'Technology', 'relevance_score': '1.0'}, {'topic': 'Financial Markets', 'relevance_score': '0.623304'}]",0.28935,Somewhat-Bullish,"[{'ticker': 'AAPL', 'relevance_score': '0.516883', 'ticker_sentiment_score': '0.373433', 'ticker_sentiment_label': 'Bullish'}]"
5,"Broadcom Thrives with 114% Stock Surge in AI Boom, While Intel Faces Steep Decline - Broadcom  ( NASDAQ:AVGO ) , Intel  ( NASDAQ:INTC ) ",https://www.benzinga.com/media/25/01/42762874/broadcom-thrives-with-114-stock-surge-in-ai-boom-while-intel-faces-steep-decline,2025-01-02 14:09:29,['Anusuya Lahiri'],"The year 2024 proved very eventful for the semiconductor companies in the U.S. tech sector. It rewarded those, including Nvidia Corp NVDA and Broadcom Inc AVGO, that successfully tapped the artificial intelligence wave while punishing those that failed, like Intel Corp INTC.",https://editorial-assets.benzinga.com/wp-content/uploads/2025/01/02060246/newplot.png,Benzinga,News,www.benzinga.com,"[{'topic': 'Financial Markets', 'relevance_score': '0.918141'}, {'topic': 'Manufacturing', 'relevance_score': '0.333333'}, {'topic': 'Earnings', 'relevance_score': '0.77141'}, {'topic': 'Technology', 'relevance_score': '0.333333'}, {'topic': 'Finance', 'relevance_score': '0.333333'}]",0.096523,Neutral,"[{'ticker': 'MSFT', 'relevance_score': '0.120431', 'ticker_sentiment_score': '0.0', 'ticker_sentiment_label': 'Neutral'}, {'ticker': 'GOOG', 'relevance_score': '0.238133', 'ticker_sentiment_score': '0.08153', 'ticker_sentiment_label': 'Neutral'}, {'ticker': 'META', 'relevance_score': '0.120431', 'ticker_sentiment_score': '0.0', 'ticker_sentiment_label': 'Neutral'}, {'ticker': 'NVDA', 'relevance_score': '0.455525', 'ticker_sentiment_score': '0.146656', 'ticker_sentiment_label': 'Neutral'}, {'ticker': 'AAPL', 'relevance_score': '0.120431', 'ticker_sentiment_score': '-0.135115', 'ticker_sentiment_label': 'Neutral'}, {'ticker': 'AVGO', 'relevance_score': '0.551295', 'ticker_sentiment_score': '0.27507', 'ticker_sentiment_label': 'Somewhat-Bullish'}, {'ticker': 'QCOM', 'relevance_score': '0.120431', 'ticker_sentiment_score': '-0.135115', 'ticker_sentiment_label': 'Neutral'}, {'ticker': 'INTC', 'relevance_score': '0.595343', 'ticker_sentiment_score': '-0.039415', 'ticker_sentiment_label': 'Neutral'}, {'ticker': 'AMD', 'relevance_score': '0.179788', 'ticker_sentiment_score': '0.053402', 'ticker_sentiment_label': 'Neutral'}, {'ticker': 'ARM', 'relevance_score': '0.120431', 'ticker_sentiment_score': '-0.135115', 'ticker_sentiment_label': 'Neutral'}, {'ticker': 'GS', 'relevance_score': '0.060388', 'ticker_sentiment_score': '0.036349', 'ticker_sentiment_label': 'Neutral'}, {'ticker': 'TSM', 'relevance_score': '0.120431', 'ticker_sentiment_score': '0.0', 'ticker_sentiment_label': 'Neutral'}]"
6,2 Magnificent Artificial Intelligence  ( AI )  Stocks to Buy in 2025,https://www.fool.com/investing/2025/01/02/2-artificial-intelligence-ai-stocks-that-could-mak/,2025-01-02 13:15:00,['Keithen Drury'],The artificial intelligence ( AI ) investing sector is a gold mine for finding companies with market-beating potential. Nvidia ( NASDAQ: NVDA ) and Taiwan Semiconductor Manufacturing ( NYSE: TSM ) are among the stocks that I think can outperform the market over the next five years.,https://media.ycharts.com/charts/60a80c0c6b4c4ce8f0cf93a0d3824137.png,Motley Fool,n/a,www.fool.com,"[{'topic': 'Retail & Wholesale', 'relevance_score': '0.333333'}, {'topic': 'Financial Markets', 'relevance_score': '0.929393'}, {'topic': 'Manufacturing', 'relevance_score': '0.333333'}, {'topic': 'Earnings', 'relevance_score': '0.995973'}, {'topic': 'Technology', 'relevance_score': '0.333333'}]",0.31529,Somewhat-Bullish,"[{'ticker': 'MSFT', 'relevance_score': '0.068698', 'ticker_sentiment_score': '0.110389', 'ticker_sentiment_label': 'Neutral'}, {'ticker': 'NVDA', 'relevance_score': '0.657011', 'ticker_sentiment_score': '0.482756', 'ticker_sentiment_label': 'Bullish'}, {'ticker': 'AAPL', 'relevance_score': '0.068698', 'ticker_sentiment_score': '0.110389', 'ticker_sentiment_label': 'Neutral'}, {'ticker': 'AMZN', 'relevance_score': '0.068698', 'ticker_sentiment_score': '0.110389', 'ticker_sentiment_label': 'Neutral'}, {'ticker': 'TSM', 'relevance_score': '0.136888', 'ticker_sentiment_score': '0.244321', 'ticker_sentiment_label': 'Somewhat-Bullish'}]"
7,"UBS Cuts iPhone Sales Forecast For December Amid Stiff Competition From Rivals, Maintains Neutral Rating - Apple  ( NASDAQ:AAPL ) ",https://www.benzinga.com/25/01/42760822/ubs-cuts-iphone-sales-forecast-for-december-as-apple-faces-stiff-competition-from-other-players,2025-01-02 12:22:23,['Rishabh Mishra'],"UBS forecasts lower iPhone sales forecast. Apple competitors' market share increase. After Apple Inc.'s AAPL market share fell in China in the third quarter of 2024, UBS has forecast weaker iPhone sales in the month of December.",https://editorial-assets.benzinga.com/wp-content/uploads/2025/01/02042528/AAPL-ANR-.png,Benzinga,Markets,www.benzinga.com,"[{'topic': 'Financial Markets', 'relevance_score': '0.650727'}, {'topic': 'Earnings', 'relevance_score': '0.684621'}, {'topic': 'Technology', 'relevance_score': '0.5'}, {'topic': 'Finance', 'relevance_score': '0.5'}]",0.110516,Neutral,"[{'ticker': 'AAPL', 'relevance_score': '0.574748', 'ticker_sentiment_score': '0.161565', 'ticker_sentiment_label': 'Somewhat-Bullish'}, {'ticker': 'BCS', 'relevance_score': '0.079392', 'ticker_sentiment_score': '-0.059481', 'ticker_sentiment_label': 'Neutral'}, {'ticker': 'XIACY', 'relevance_score': '0.079392', 'ticker_sentiment_score': '0.0', 'ticker_sentiment_label': 'Neutral'}, {'ticker': 'MS', 'relevance_score': '0.158', 'ticker_sentiment_score': '-0.085002', 'ticker_sentiment_label': 'Neutral'}]"
8,Should iShares Core S&P 500 ETF  ( IVV )  Be on Your Investing Radar?,https://www.zacks.com/stock/news/2390545/should-ishares-core-sp-500-etf-ivv-be-on-your-investing-radar,2025-01-02 12:20:07,['Zacks Equity Research'],Style Box ETF report for ...,https://staticx-tuner.zacks.com/images/default_article_images/default64.jpg,Zacks Commentary,n/a,www.zacks.com,"[{'topic': 'Technology', 'relevance_score': '0.5'}, {'topic': 'Financial Markets', 'relevance_score': '1.0'}, {'topic': 'Manufacturing', 'relevance_score': '0.5'}]",0.180111,Somewhat-Bullish,"[{'ticker': 'MSFT', 'relevance_score': '0.136499', 'ticker_sentiment_score': '0.072027', 'ticker_sentiment_label': 'Neutral'}, {'ticker': 'NVDA', 'relevance_score': '0.136499', 'ticker_sentiment_score': '0.072027', 'ticker_sentiment_label': 'Neutral'}, {'ticker': 'AAPL', 'relevance_score': '0.136499', 'ticker_sentiment_score': '0.072027', 'ticker_sentiment_label': 'Neutral'}]"
9,Apple Discounts iPhone 16 Prices In China By Up To $68.5 As It Battles Huawei's Resurgence In The Country - Apple  ( NASDAQ:AAPL ) ,https://www.benzinga.com/media/25/01/42759147/apple-discounts-iphone-16-prices-in-china-by-up-to-68-5-as-it-battles-huaweis-resurgence-in-the-country,2025-01-02 09:13:45,['Ananya Gairola'],"Apple Inc. AAPL is offering discounts of up to 500 yuan ( $68.50 ) on its iPhone 16 models in China as it faces increasing competition from Huawei Technologies. What Happened: Apple has launched a rare promotional event in China, set to run from Jan. 4 to Jan. 7, 2025, reported Reuters.",https://cdn.benzinga.com/files/images/story/2025/01/02/Apple-iPhone-16-Pro-iPhone-16-Pro-Max.jpeg?width=1200&height=800&fit=crop,Benzinga,News,www.benzinga.com,"[{'topic': 'Technology', 'relevance_score': '1.0'}, {'topic': 'Financial Markets', 'relevance_score': '0.108179'}]",0.188415,Somewhat-Bullish,"[{'ticker': 'BABA', 'relevance_score': '0.086556', 'ticker_sentiment_score': '-0.046197', 'ticker_sentiment_label': 'Neutral'}, {'ticker': 'XIACY', 'relevance_score': '0.086556', 'ticker_sentiment_score': '0.130676', 'ticker_sentiment_label': 'Neutral'}, {'ticker': 'AAPL', 'relevance_score': '0.33628', 'ticker_sentiment_score': '0.172626', 'ticker_sentiment_label': 'Somewhat-Bullish'}]"
10,"Tim Cook, Mark Zuckerberg, Elon Musk, And More: Tech Moguls Post Upbeat New Year Greetings: 'Have A Good Feeling About 2025' - Alphabet  ( NASDAQ:GOOG ) , Apple  ( NASDAQ:AAPL ) ",https://www.benzinga.com/25/01/42758055/tim-cook-sundar-pichai-elon-musk-mark-zuckerberg-and-more-how-top-tech-ceos-ushered-in-2025-with-new-year-cheers-,2025-01-02 03:28:01,['Ananya Gairola'],"As the world stepped into 2025, some of the biggest names in tech took to social media to share their New Year's greetings, hopes, and bold visions for the future. What Happened: Taking to X, formerly Twitter, Apple Inc. AAPL CEO Tim Cook expressed wishes for health and happiness for all.",https://editorial-assets.benzinga.com/wp-content/uploads/2025/01/01205153/Screenshot-2025-01-02-at-7.21.42%E2%80%AFAM-1024x527.png,Benzinga,News,www.benzinga.com,"[{'topic': 'Financial Markets', 'relevance_score': '0.796627'}, {'topic': 'Manufacturing', 'relevance_score': '0.333333'}, {'topic': 'Technology', 'relevance_score': '0.333333'}, {'topic': 'Finance', 'relevance_score': '0.333333'}]",0.411729,Bullish,"[{'ticker': 'GOOG', 'relevance_score': '0.165598', 'ticker_sentiment_score': '0.252601', 'ticker_sentiment_label': 'Somewhat-Bullish'}, {'ticker': 'META', 'relevance_score': '0.165598', 'ticker_sentiment_score': '0.0', 'ticker_sentiment_label': 'Neutral'}, {'ticker': 'AAPL', 'relevance_score': '0.246167', 'ticker_sentiment_score': '0.069175', 'ticker_sentiment_label': 'Neutral'}, {'ticker': 'BTSDF', 'relevance_score': '0.165598', 'ticker_sentiment_score': '0.427988', 'ticker_sentiment_label': 'Bullish'}, {'ticker': 'TSLA', 'relevance_score': '0.246167', 'ticker_sentiment_score': '0.0', 'ticker_sentiment_label': 'Neutral'}, {'ticker': 'MS', 'relevance_score': '0.083251', 'ticker_sentiment_score': '0.0', 'ticker_sentiment_label': 'Neutral'}]"
11,"Warren Buffett Says Buy S&P 500, But This Tech Investor Warns Of A 'Rude Awakening' - Microsoft  ( NASDAQ:MSFT ) , Apple  ( NASDAQ:AAPL ) ",https://www.benzinga.com/markets/25/01/42756619/warren-buffett-says-buy-sp-500-but-this-tech-investor-warns-of-a-rude-awakening,2025-01-01 19:00:19,['Bibhu Pattnaik'],"Investing in the S&P 500 index could be a high-risk gamble, suggests Palihapitiya, as a few tech giants sway market stability. Palihapitiya contrasts Buffett's conservative investment approach with cautionary advice amid his own SPAC endorsements.",https://cdn.benzinga.com/files/images/story/2025/01/01/Do-You-Know-Warren-Buffetts-Berkshire-Ha_1.jpeg?width=1200&height=800&fit=crop,Benzinga,Markets,www.benzinga.com,"[{'topic': 'Technology', 'relevance_score': '0.5'}, {'topic': 'Financial Markets', 'relevance_score': '0.967645'}, {'topic': 'Manufacturing', 'relevance_score': '0.5'}]",0.036231,Neutral,"[{'ticker': 'MSFT', 'relevance_score': '0.160633', 'ticker_sentiment_score': '-0.051049', 'ticker_sentiment_label': 'Neutral'}, {'ticker': 'NVDA', 'relevance_score': '0.160633', 'ticker_sentiment_score': '-0.051049', 'ticker_sentiment_label': 'Neutral'}, {'ticker': 'AAPL', 'relevance_score': '0.160633', 'ticker_sentiment_score': '-0.051049', 'ticker_sentiment_label': 'Neutral'}]"
12,"Competitor Analysis: Evaluating Apple And Competitors In Technology Hardware, Storage & Peripherals Industry - Apple  ( NASDAQ:AAPL ) ",https://www.benzinga.com/insights/news/25/01/42755470/competitor-analysis-evaluating-apple-and-competitors-in-technology-hardware-storage-amp-peripherals,2025-01-01 16:00:27,['Benzinga Insights'],"In the ever-evolving and intensely competitive business landscape, conducting a thorough company analysis is of utmost importance for investors and industry followers.",https://www.benzinga.com/files/images/story/2025/1735743624_0.png,Benzinga,Trading,www.benzinga.com,"[{'topic': 'Earnings', 'relevance_score': '0.875462'}, {'topic': 'Technology', 'relevance_score': '1.0'}, {'topic': 'Financial Markets', 'relevance_score': '0.5855'}]",0.214462,Somewhat-Bullish,"[{'ticker': 'AAPL', 'relevance_score': '0.464844', 'ticker_sentiment_score': '0.250432', 'ticker_sentiment_label': 'Somewhat-Bullish'}]"
13,"EXCLUSIVE: Top 20 Most-Searched Tickers On Pro In December 2024 - Where Do Tesla, Nvidia, Quantum Computing Stock Rank? - Apple  ( NASDAQ:AAPL ) ",https://www.benzinga.com/trading-ideas/25/01/42755273/exclusive-top-20-most-searched-tickers-on-benzinga-pro-in-december-2024-where-do-tesla-nvidia-quant,2025-01-01 15:15:41,['Chris Katje'],"Each trading day features hundreds of headlines and press releases on Benzinga Pro, a source for traders to see the latest news on the overall market and individual tickers. Here is a look at the most-searched stocks on Benzinga Pro for December 2024.",https://cdn.benzinga.com/files/images/story/2025/01/01/Ticker-Board-With-Stock-Market-Prices--P.jpeg?width=1200&height=800&fit=crop,Benzinga,Trading,www.benzinga.com,"[{'topic': 'Financial Markets', 'relevance_score': '0.998962'}, {'topic': 'Manufacturing', 'relevance_score': '0.333333'}, {'topic': 'Technology', 'relevance_score': '0.333333'}, {'topic': 'Finance', 'relevance_score': '0.333333'}, {'topic': 'Blockchain', 'relevance_score': '0.158519'}]",0.173495,Somewhat-Bullish,"[{'ticker': 'MSTR', 'relevance_score': '0.056674', 'ticker_sentiment_score': '0.124941', 'ticker_sentiment_label': 'Neutral'}, {'ticker': 'NVDA', 'relevance_score': '0.056674', 'ticker_sentiment_score': '-0.147956', 'ticker_sentiment_label': 'Neutral'}, {'ticker': 'AAPL', 'relevance_score': '0.113062', 'ticker_sentiment_score': '0.066368', 'ticker_sentiment_label': 'Neutral'}, {'ticker': 'SOUN', 'relevance_score': '0.056674', 'ticker_sentiment_score': '0.068194', 'ticker_sentiment_label': 'Neutral'}, {'ticker': 'TSLA', 'relevance_score': '0.056674', 'ticker_sentiment_score': '0.097927', 'ticker_sentiment_label': 'Neutral'}, {'ticker': 'QBTS', 'relevance_score': '0.056674', 'ticker_sentiment_score': '0.040935', 'ticker_sentiment_label': 'Neutral'}, {'ticker': 'SMCI', 'relevance_score': '0.056674', 'ticker_sentiment_score': '0.190984', 'ticker_sentiment_label': 'Somewhat-Bullish'}, {'ticker': 'IVZ', 'relevance_score': '0.056674', 'ticker_sentiment_score': '0.065029', 'ticker_sentiment_label': 'Neutral'}, {'ticker': 'DJT', 'relevance_score': '0.113062', 'ticker_sentiment_score': '0.113798', 'ticker_sentiment_label': 'Neutral'}, {'ticker': 'CRYPTO:BTC', 'relevance_score': '0.223866', 'ticker_sentiment_score': '0.210416', 'ticker_sentiment_label': 'Somewhat-Bullish'}]"
14,Should Vanguard S&P 500 ETF  ( VOO )  Be on Your Investing Radar?,https://www.zacks.com/stock/news/2390295/should-vanguard-sp-500-etf-voo-be-on-your-investing-radar,2025-01-01 12:20:08,['Zacks Equity Research'],Style Box ETF report for ...,https://staticx-tuner.zacks.com/images/default_article_images/default291.jpg,Zacks Commentary,n/a,www.zacks.com,"[{'topic': 'Technology', 'relevance_score': '0.5'}, {'topic': 'Financial Markets', 'relevance_score': '1.0'}, {'topic': 'Manufacturing', 'relevance_score': '0.5'}]",0.200713,Somewhat-Bullish,"[{'ticker': 'MSFT', 'relevance_score': '0.138066', 'ticker_sentiment_score': '0.072464', 'ticker_sentiment_label': 'Neutral'}, {'ticker': 'NVDA', 'relevance_score': '0.138066', 'ticker_sentiment_score': '0.072464', 'ticker_sentiment_label': 'Neutral'}, {'ticker': 'AAPL', 'relevance_score': '0.138066', 'ticker_sentiment_score': '0.072464', 'ticker_sentiment_label': 'Neutral'}]"
15,Should Vanguard S&P 500 Growth ETF  ( VOOG )  Be on Your Investing Radar?,https://www.zacks.com/stock/news/2390296/should-vanguard-sp-500-growth-etf-voog-be-on-your-investing-radar,2025-01-01 12:20:08,['Zacks Equity Research'],Style Box ETF report for ...,https://staticx-tuner.zacks.com/images/default_article_images/default338.jpg,Zacks Commentary,n/a,www.zacks.com,"[{'topic': 'Financial Markets', 'relevance_score': '1.0'}, {'topic': 'Manufacturing', 'relevance_score': '0.333333'}, {'topic': 'Earnings', 'relevance_score': '0.310843'}, {'topic': 'Technology', 'relevance_score': '0.333333'}, {'topic': 'Finance', 'relevance_score': '0.333333'}]",0.262962,Somewhat-Bullish,"[{'ticker': 'MSFT', 'relevance_score': '0.125134', 'ticker_sentiment_score': '0.069019', 'ticker_sentiment_label': 'Neutral'}, {'ticker': 'NVDA', 'relevance_score': '0.125134', 'ticker_sentiment_score': '0.069019', 'ticker_sentiment_label': 'Neutral'}, {'ticker': 'AAPL', 'relevance_score': '0.125134', 'ticker_sentiment_score': '0.069019', 'ticker_sentiment_label': 'Neutral'}, {'ticker': 'IVZ', 'relevance_score': '0.125134', 'ticker_sentiment_score': '0.104891', 'ticker_sentiment_label': 'Neutral'}]"
16,10 Stock Market Predictions for 2025,https://www.fool.com/investing/2025/01/01/10-stock-market-predictions-for-2025/,2025-01-01 11:06:00,['Sean Williams'],"Here's what to expect from the stock market, along with some of Wall Street's hottest trends and most influential businesses, in the new year.",https://g.foolcdn.com/image/?url=https%3A%2F%2Fg.foolcdn.com%2Feditorial%2Fimages%2F802285%2Fbear-market-stock-chart-quarter-report-financial-metrics-invest-getty.jpg&op=resize&w=700,Motley Fool,n/a,www.fool.com,"[{'topic': 'Life Sciences', 'relevance_score': '0.2'}, {'topic': 'Technology', 'relevance_score': '0.2'}, {'topic': 'Finance', 'relevance_score': '0.2'}, {'topic': 'Blockchain', 'relevance_score': '0.158519'}, {'topic': 'Economy - Monetary', 'relevance_score': '0.682689'}, {'topic': 'Retail & Wholesale', 'relevance_score': '0.2'}, {'topic': 'Financial Markets', 'relevance_score': '1.0'}, {'topic': 'Manufacturing', 'relevance_score': '0.2'}, {'topic': 'Earnings', 'relevance_score': '0.451494'}]",0.077051,Neutral,"[{'ticker': 'MSFT', 'relevance_score': '0.108466', 'ticker_sentiment_score': '0.130801', 'ticker_sentiment_label': 'Neutral'}, {'ticker': 'META', 'relevance_score': '0.065209', 'ticker_sentiment_score': '0.096486', 'ticker_sentiment_label': 'Neutral'}, {'ticker': 'NVDA', 'relevance_score': '0.08687', 'ticker_sentiment_score': '0.08002', 'ticker_sentiment_label': 'Neutral'}, {'ticker': 'AAPL', 'relevance_score': '0.08687', 'ticker_sentiment_score': '0.151611', 'ticker_sentiment_label': 'Somewhat-Bullish'}, {'ticker': 'COST', 'relevance_score': '0.043499', 'ticker_sentiment_score': '-0.00793', 'ticker_sentiment_label': 'Neutral'}, {'ticker': 'TSLA', 'relevance_score': '0.043499', 'ticker_sentiment_score': '0.07165', 'ticker_sentiment_label': 'Neutral'}, {'ticker': 'BAC', 'relevance_score': '0.021758', 'ticker_sentiment_score': '0.07063', 'ticker_sentiment_label': 'Neutral'}, {'ticker': 'JNJ', 'relevance_score': '0.043499', 'ticker_sentiment_score': '0.153801', 'ticker_sentiment_label': 'Somewhat-Bullish'}, {'ticker': 'CMG', 'relevance_score': '0.021758', 'ticker_sentiment_score': '-0.07189', 'ticker_sentiment_label': 'Neutral'}, {'ticker': 'IVZ', 'relevance_score': '0.021758', 'ticker_sentiment_score': '0.147825', 'ticker_sentiment_label': 'Neutral'}, {'ticker': 'PFE', 'relevance_score': '0.043499', 'ticker_sentiment_score': '0.153801', 'ticker_sentiment_label': 'Somewhat-Bullish'}, {'ticker': 'CRYPTO:BTC', 'relevance_score': '0.08687', 'ticker_sentiment_score': '0.032885', 'ticker_sentiment_label': 'Neutral'}]"
17,"Investigating Apple's Standing In Technology Hardware, Storage & Peripherals Industry Compared To Competitors - Apple  ( NASDAQ:AAPL ) ",https://www.benzinga.com/insights/news/24/12/42741869/investigating-apples-standing-in-technology-hardware-storage-amp-peripherals-industry-compared-to-c,2024-12-31 16:00:30,['Benzinga Insights'],"In the fast-paced and cutthroat world of business, conducting thorough company analysis is essential for investors and industry experts. In this article, we will undertake a comprehensive industry comparison, evaluating Apple AAPL in comparison to its major competitors within the Technology ...",https://www.benzinga.com/files/images/story/2024/1735657227_0.png,Benzinga,Markets,www.benzinga.com,"[{'topic': 'Earnings', 'relevance_score': '0.928769'}, {'topic': 'Technology', 'relevance_score': '1.0'}, {'topic': 'Financial Markets', 'relevance_score': '0.5855'}]",0.238663,Somewhat-Bullish,"[{'ticker': 'AAPL', 'relevance_score': '0.518022', 'ticker_sentiment_score': '0.287526', 'ticker_sentiment_label': 'Somewhat-Bullish'}]"
18,Where Will Apple Stock Be in 2025?,https://www.fool.com/investing/2024/12/31/where-will-apple-stock-be-in-2025/,2024-12-31 15:13:00,['Harsh Chauhan'],Shares of Apple ( NASDAQ: AAPL ) have delivered returns of 33% in 2024 as of this Dec. 30. They have gained momentum since the company released results for its fiscal 2024 fourth quarter ( which ended Sept. 28 ) on Oct. 31.Many investors have turned bullish about Apple's prospects after seeing ...,https://media.ycharts.com/charts/bcdb8ade1576080c1143ba065166da07.png,Motley Fool,n/a,www.fool.com,"[{'topic': 'Earnings', 'relevance_score': '0.972476'}, {'topic': 'Technology', 'relevance_score': '1.0'}, {'topic': 'Financial Markets', 'relevance_score': '0.316726'}]",0.446589,Bullish,"[{'ticker': 'AAPL', 'relevance_score': '0.617346', 'ticker_sentiment_score': '0.662858', 'ticker_sentiment_label': 'Bullish'}, {'ticker': 'IT', 'relevance_score': '0.126119', 'ticker_sentiment_score': '0.25933', 'ticker_sentiment_label': 'Somewhat-Bullish'}]"
19,"Market Clubhouse Morning Memo - December 31st, 2024  ( Trade Strategy For SPY, QQQ, AAPL, MSFT, NVDA, GOOGL, META and TSLA ) ",https://www.benzinga.com/trading-ideas/24/12/42740710/market-clubhouse-morning-memo-december-31st-2024-trade-strategy-for-spy-qqq-aapl-msft-nvda-googl-me,2024-12-31 15:11:51,['RIPS'],"Good Morning Traders! In today's Market Clubhouse Morning Memo, we will discuss SPY, QQQ, AAPL, MSFT, NVDA, GOOGL, META, and TSLA. Our proprietary formula, exclusive to Market Clubhouse, dictates these price levels. This dynamic equation takes into account price, volume, and options flow.",https://www.benzinga.com/next-assets/images/schema-image-default.png,Benzinga,Trading,www.benzinga.com,"[{'topic': 'Technology', 'relevance_score': '0.5'}, {'topic': 'Financial Markets', 'relevance_score': '0.692272'}, {'topic': 'Manufacturing', 'relevance_score': '0.5'}]",0.102242,Neutral,"[{'ticker': 'MSFT', 'relevance_score': '0.122894', 'ticker_sentiment_score': '-0.024224', 'ticker_sentiment_label': 'Neutral'}, {'ticker': 'GOOG', 'relevance_score': '0.030838', 'ticker_sentiment_score': '0.074622', 'ticker_sentiment_label': 'Neutral'}, {'ticker': 'NVDA', 'relevance_score': '0.153275', 'ticker_sentiment_score': '0.076328', 'ticker_sentiment_label': 'Neutral'}, {'ticker': 'AAPL', 'relevance_score': '0.092331', 'ticker_sentiment_score': '0.1464', 'ticker_sentiment_label': 'Neutral'}, {'ticker': 'TSLA', 'relevance_score': '0.092331', 'ticker_sentiment_score': '0.101072', 'ticker_sentiment_label': 'Neutral'}]"
20,Logitech Stock Plunges 13% YTD: What Should Investors Do?,https://www.zacks.com/stock/news/2389913/logitech-stock-plunges-13-ytd-what-should-investors-do,2024-12-31 14:46:00,['Zacks Equity Research'],"LOGI faces stiff competition and macroeconomic challenges. However, its recovery on the back of its innovative products makes the stock worth retaining.",https://staticx-tuner.zacks.com/images/articles/main/1d/1065.jpg,Zacks Commentary,n/a,www.zacks.com,"[{'topic': 'Earnings', 'relevance_score': '0.158519'}, {'topic': 'Technology', 'relevance_score': '1.0'}, {'topic': 'Financial Markets', 'relevance_score': '0.108179'}]",0.148827,Neutral,"[{'ticker': 'MSFT', 'relevance_score': '0.057907', 'ticker_sentiment_score': '0.025999', 'ticker_sentiment_label': 'Neutral'}, {'ticker': 'SNEJF', 'relevance_score': '0.172507', 'ticker_sentiment_score': '0.041583', 'ticker_sentiment_label': 'Neutral'}, {'ticker': 'AAPL', 'relevance_score': '0.115509', 'ticker_sentiment_score': '0.029163', 'ticker_sentiment_label': 'Neutral'}, {'ticker': 'LOGI', 'relevance_score': '0.889971', 'ticker_sentiment_score': '0.246105', 'ticker_sentiment_label': 'Somewhat-Bullish'}]"
21,"Mark Zuckerberg Offloads Another $1.39 Million In Meta Stock, Weeks After $88M Sale Spree - Meta Platforms  ( NASDAQ:META ) ",https://www.benzinga.com/24/12/42739715/mark-zuckerberg-offloads-another-1-39-million-in-meta-stock-weeks-after-88m-sale-spree,2024-12-31 14:16:46,['Navdeep Yadav'],"Mark Zuckerberg, the CEO and Chairman of Meta Platforms, Inc. META, offloaded a significant chunk of his company shares in December.",https://editorial-assets.benzinga.com/wp-content/uploads/2024/12/31081005/Screenshot-2024-12-31-at-6.39.55%E2%80%AFPM-1024x385.png,Benzinga,General,www.benzinga.com,"[{'topic': 'Financial Markets', 'relevance_score': '0.989041'}, {'topic': 'Manufacturing', 'relevance_score': '0.5'}, {'topic': 'Earnings', 'relevance_score': '0.158519'}, {'topic': 'Technology', 'relevance_score': '0.5'}]",0.333821,Somewhat-Bullish,"[{'ticker': 'GOOG', 'relevance_score': '0.100729', 'ticker_sentiment_score': '0.327316', 'ticker_sentiment_label': 'Somewhat-Bullish'}, {'ticker': 'META', 'relevance_score': '0.387374', 'ticker_sentiment_score': '0.399805', 'ticker_sentiment_label': 'Bullish'}, {'ticker': 'AAPL', 'relevance_score': '0.100729', 'ticker_sentiment_score': '0.327316', 'ticker_sentiment_label': 'Somewhat-Bullish'}, {'ticker': 'TSLA', 'relevance_score': '0.100729', 'ticker_sentiment_score': '0.327316', 'ticker_sentiment_label': 'Somewhat-Bullish'}]"
22,"Apple, Amazon, Samsung, And Nintendo: What Tech Marvels Are These Giants Cooking In 2025 - Apple  ( NASDAQ:AAPL ) , Amazon.com  ( NASDAQ:AMZN ) ",https://www.benzinga.com/tech/24/12/42739523/apple-amazon-samsung-and-nintendo-what-tech-marvels-are-these-giants-cooking-in-2025,2024-12-31 14:00:26,['Ananya Gairola'],"As we look ahead to 2025, the technology landscape appears poised for transformation with several highly anticipated releases from industry giants. From novel AR experiences to next-generation gaming and computing power, here's what might shape our digital future.",https://cdn.benzinga.com/files/images/story/2024/12/31/Businessman-Holding-2025-With-Loading-Pr.jpeg?width=1200&height=800&fit=crop,Benzinga,News,www.benzinga.com,"[{'topic': 'Technology', 'relevance_score': '0.5'}, {'topic': 'Manufacturing', 'relevance_score': '0.5'}]",0.338387,Somewhat-Bullish,"[{'ticker': 'SSNLF', 'relevance_score': '0.227716', 'ticker_sentiment_score': '0.113973', 'ticker_sentiment_label': 'Neutral'}, {'ticker': 'GOOG', 'relevance_score': '0.152983', 'ticker_sentiment_score': '0.095704', 'ticker_sentiment_label': 'Neutral'}, {'ticker': 'META', 'relevance_score': '0.152983', 'ticker_sentiment_score': '0.0', 'ticker_sentiment_label': 'Neutral'}, {'ticker': 'AAPL', 'relevance_score': '0.300394', 'ticker_sentiment_score': '0.254288', 'ticker_sentiment_label': 'Somewhat-Bullish'}, {'ticker': 'QCOM', 'relevance_score': '0.152983', 'ticker_sentiment_score': '0.095704', 'ticker_sentiment_label': 'Neutral'}, {'ticker': 'NTDOF', 'relevance_score': '0.152983', 'ticker_sentiment_score': '0.176684', 'ticker_sentiment_label': 'Somewhat-Bullish'}]"
23,Meet the Supercharged Growth Stock That Could Make You a Millionaire,https://www.fool.com/investing/2024/12/31/meet-the-supercharged-growth-stock-that-could-make/,2024-12-31 13:10:00,['Keithen Drury'],"Finding a stock that can outright make you a millionaire isn't easy. However, they're out there. A $10,000 investment in Nvidia a decade ago is now worth $2.72 million. And $10,000 invested 12 years ago in Tesla is now worth more than $2 million.",https://media.ycharts.com/charts/96ffef6648225755241dc519caa77c5a.png,Motley Fool,n/a,www.fool.com,"[{'topic': 'Financial Markets', 'relevance_score': '0.5855'}, {'topic': 'Manufacturing', 'relevance_score': '0.5'}, {'topic': 'Earnings', 'relevance_score': '0.999955'}, {'topic': 'Technology', 'relevance_score': '0.5'}]",0.283375,Somewhat-Bullish,"[{'ticker': 'MSFT', 'relevance_score': '0.061315', 'ticker_sentiment_score': '0.089311', 'ticker_sentiment_label': 'Neutral'}, {'ticker': 'NVDA', 'relevance_score': '0.122269', 'ticker_sentiment_score': '0.015095', 'ticker_sentiment_label': 'Neutral'}, {'ticker': 'AAPL', 'relevance_score': '0.122269', 'ticker_sentiment_score': '0.095458', 'ticker_sentiment_label': 'Neutral'}, {'ticker': 'TSLA', 'relevance_score': '0.061315', 'ticker_sentiment_score': '-0.014022', 'ticker_sentiment_label': 'Neutral'}, {'ticker': 'TSM', 'relevance_score': '0.122269', 'ticker_sentiment_score': '0.221258', 'ticker_sentiment_label': 'Somewhat-Bullish'}]"
24,Should Fidelity Nasdaq Composite Index ETF  ( ONEQ )  Be on Your Investing Radar?,https://www.zacks.com/stock/news/2389812/should-fidelity-nasdaq-composite-index-etf-oneq-be-on-your-investing-radar,2024-12-31 12:20:08,['Zacks Equity Research'],Style Box ETF report for ...,https://staticx-tuner.zacks.com/images/default_article_images/default63.jpg,Zacks Commentary,n/a,www.zacks.com,"[{'topic': 'Financial Markets', 'relevance_score': '1.0'}, {'topic': 'Manufacturing', 'relevance_score': '0.333333'}, {'topic': 'Earnings', 'relevance_score': '0.310843'}, {'topic': 'Technology', 'relevance_score': '0.333333'}, {'topic': 'Finance', 'relevance_score': '0.333333'}]",0.203957,Somewhat-Bullish,"[{'ticker': 'MSFT', 'relevance_score': '0.121959', 'ticker_sentiment_score': '0.068236', 'ticker_sentiment_label': 'Neutral'}, {'ticker': 'NVDA', 'relevance_score': '0.121959', 'ticker_sentiment_score': '0.068236', 'ticker_sentiment_label': 'Neutral'}, {'ticker': 'AAPL', 'relevance_score': '0.121959', 'ticker_sentiment_score': '0.068236', 'ticker_sentiment_label': 'Neutral'}, {'ticker': 'IVZ', 'relevance_score': '0.121959', 'ticker_sentiment_score': '0.103638', 'ticker_sentiment_label': 'Neutral'}]"
25,Is iShares MSCI USA Quality Factor ETF  ( QUAL )  a Strong ETF Right Now?,https://www.zacks.com/stock/news/2389814/is-ishares-msci-usa-quality-factor-etf-qual-a-strong-etf-right-now,2024-12-31 12:20:08,['Zacks Equity Research'],Smart Beta ETF report for QUAL ...,https://staticx-tuner.zacks.com/images/default_article_images/default175.jpg,Zacks Commentary,n/a,www.zacks.com,"[{'topic': 'Technology', 'relevance_score': '0.5'}, {'topic': 'Financial Markets', 'relevance_score': '1.0'}, {'topic': 'Manufacturing', 'relevance_score': '0.5'}]",0.21767,Somewhat-Bullish,"[{'ticker': 'MSFT', 'relevance_score': '0.111747', 'ticker_sentiment_score': '0.065907', 'ticker_sentiment_label': 'Neutral'}, {'ticker': 'NVDA', 'relevance_score': '0.111747', 'ticker_sentiment_score': '0.065907', 'ticker_sentiment_label': 'Neutral'}, {'ticker': 'AAPL', 'relevance_score': '0.111747', 'ticker_sentiment_score': '0.065907', 'ticker_sentiment_label': 'Neutral'}]"
26,Should Vanguard Mega Cap ETF  ( MGC )  Be on Your Investing Radar?,https://www.zacks.com/stock/news/2389815/should-vanguard-mega-cap-etf-mgc-be-on-your-investing-radar,2024-12-31 12:20:07,['Zacks Equity Research'],Style Box ETF report for ...,https://staticx-tuner.zacks.com/images/default_article_images/default323.jpg,Zacks Commentary,n/a,www.zacks.com,"[{'topic': 'Technology', 'relevance_score': '0.5'}, {'topic': 'Financial Markets', 'relevance_score': '1.0'}, {'topic': 'Manufacturing', 'relevance_score': '0.5'}]",0.202653,Somewhat-Bullish,"[{'ticker': 'MSFT', 'relevance_score': '0.132004', 'ticker_sentiment_score': '0.070801', 'ticker_sentiment_label': 'Neutral'}, {'ticker': 'NVDA', 'relevance_score': '0.132004', 'ticker_sentiment_score': '0.070801', 'ticker_sentiment_label': 'Neutral'}, {'ticker': 'AAPL', 'relevance_score': '0.132004', 'ticker_sentiment_score': '0.070801', 'ticker_sentiment_label': 'Neutral'}]"
27,Apple's Stock Has Reached Historic Levels in One Metric. It's a Clear Warning Sign for 2025.,https://www.fool.com/investing/2024/12/31/apples-stock-has-reached-historic-levels-in-one-me/,2024-12-31 11:30:00,['Keithen Drury'],"Watching companies set individual records on revenue or earnings is always a great sign for investors, as it indicates the company is reaching new heights. However, there are also some metrics you don't want to see companies setting new records in, like debt or valuation.Apple ( NASDAQ: AAPL ) ...",https://media.ycharts.com/charts/0c91c541a144a05d063cc1ca25b0ed99.png,Motley Fool,n/a,www.fool.com,"[{'topic': 'Earnings', 'relevance_score': '0.999696'}, {'topic': 'Technology', 'relevance_score': '1.0'}, {'topic': 'Financial Markets', 'relevance_score': '0.54554'}]",0.067332,Neutral,"[{'ticker': 'AAPL', 'relevance_score': '0.77735', 'ticker_sentiment_score': '0.174596', 'ticker_sentiment_label': 'Somewhat-Bullish'}]"
28,"Stock Market News for Dec 31, 2024",https://www.zacks.com/stock/news/2389767/stock-market-news-for-dec-31-2024,2024-12-31 09:34:00,['Zacks Equity Research'],U.S. stock markets closed sharply lower on Monday as investors are increasingly booking profits toward the end of an impressive 2024.,https://staticx-tuner.zacks.com/images/articles/main/23/489.jpg,Zacks Commentary,n/a,www.zacks.com,"[{'topic': 'Economy - Monetary', 'relevance_score': '0.769861'}, {'topic': 'Financial Markets', 'relevance_score': '0.94762'}, {'topic': 'Manufacturing', 'relevance_score': '0.5'}, {'topic': 'Technology', 'relevance_score': '0.5'}]",-0.130739,Neutral,"[{'ticker': 'META', 'relevance_score': '0.137278', 'ticker_sentiment_score': '0.067402', 'ticker_sentiment_label': 'Neutral'}, {'ticker': 'AAPL', 'relevance_score': '0.137278', 'ticker_sentiment_score': '0.067402', 'ticker_sentiment_label': 'Neutral'}, {'ticker': 'TSLA', 'relevance_score': '0.204647', 'ticker_sentiment_score': '0.088397', 'ticker_sentiment_label': 'Neutral'}]"
29,"Jensen Huang's Nvidia 'Printing Money Like Apple' In Early iPhone Days, Says Tesla Bull Ross Gerber - NVIDIA  ( NASDAQ:NVDA ) ",https://www.benzinga.com/analyst-ratings/analyst-color/24/12/42736753/jensen-huangs-nvidia-printing-money-like-apple-in-early-iphone-days-says-tesla-bull,2024-12-31 08:40:41,['Pooja Rajkumari'],"Nvidia Corp. NVDA is on the cusp of a significant growth phase, fueled by its leadership in AI infrastructure. What Happened: Investor Ross Gerber compared Jensen Huang's chip giant current financial trajectory to Apple Inc.",https://cdn.benzinga.com/files/images/story/2024/12/31/Nvidia-CEO-Jensen-Huang.jpeg?width=1200&height=800&fit=crop,Benzinga,General,www.benzinga.com,"[{'topic': 'Technology', 'relevance_score': '0.5'}, {'topic': 'Financial Markets', 'relevance_score': '0.413559'}, {'topic': 'Manufacturing', 'relevance_score': '0.5'}]",0.253836,Somewhat-Bullish,"[{'ticker': 'AMD', 'relevance_score': '0.093653', 'ticker_sentiment_score': '0.066556', 'ticker_sentiment_label': 'Neutral'}, {'ticker': 'IBIDF', 'relevance_score': '0.093653', 'ticker_sentiment_score': '0.049783', 'ticker_sentiment_label': 'Neutral'}, {'ticker': 'NVDA', 'relevance_score': '0.653386', 'ticker_sentiment_score': '0.382592', 'ticker_sentiment_label': 'Bullish'}, {'ticker': 'AAPL', 'relevance_score': '0.362065', 'ticker_sentiment_score': '0.147293', 'ticker_sentiment_label': 'Neutral'}, {'ticker': 'TSLA', 'relevance_score': '0.18602', 'ticker_sentiment_score': '0.317274', 'ticker_sentiment_label': 'Somewhat-Bullish'}]"
30,MagSafe Won't Be Phased Out By EU's New Directive: Here's Why MacBook Users Have Nothing To Worry About - Sony Gr  ( NYSE:SONY ) ,https://www.benzinga.com/24/12/42736387/eu-usb-c-directive-kicks-in-what-it-means-for-you-your-devices-and-the-planet,2024-12-31 07:57:25,['Ananya Gairola'],"The EU's USB-C directive has officially come into force, mandating a universal charging port for electronic devices. What Happened: The directive, effective from 2025, requires mobile phones to feature a USB-C port. All 27 EU member states had until Dec. 28 to incorporate this directive into ...",https://cdn.benzinga.com/files/images/story/2024/12/31/USB-C.jpeg?width=1200&height=800&fit=crop,Benzinga,News,www.benzinga.com,"[{'topic': 'Technology', 'relevance_score': '1.0'}]",0.145446,Neutral,"[{'ticker': 'SNEJF', 'relevance_score': '0.206685', 'ticker_sentiment_score': '0.235517', 'ticker_sentiment_label': 'Somewhat-Bullish'}, {'ticker': 'AAPL', 'relevance_score': '0.399734', 'ticker_sentiment_score': '0.074199', 'ticker_sentiment_label': 'Neutral'}]"
31,iPhone 17 To Get Display Upgrade As Apple Finally Ditches 60Hz Technology? New Leak Reiterates Possibility - Apple  ( NASDAQ:AAPL ) ,https://www.benzinga.com/tech/24/12/42736353/iphone-17-to-get-display-upgrade-as-apple-finally-ditches-60hz-technology-new-leak-reiterates-possibility,2024-12-31 07:48:14,['Ananya Gairola'],"A new leak reiterates that Apple Inc. AAPL is reportedly set to improve the display technology in its upcoming iPhone 17 series. What Happened: Over the weekend, Weibo-based Chinese leaker Digital Chat Station said that supply chain materials support the rumors of a higher refresh rate for the ...",https://editorial-assets.benzinga.com/wp-content/uploads/2024/12/31010935/Screenshot-2024-12-31-at-11.39.28%E2%80%AFAM-1024x465.png,Benzinga,News,www.benzinga.com,"[{'topic': 'Technology', 'relevance_score': '1.0'}]",0.215682,Somewhat-Bullish,"[{'ticker': 'AAPL', 'relevance_score': '0.238133', 'ticker_sentiment_score': '0.037855', 'ticker_sentiment_label': 'Neutral'}, {'ticker': 'WB', 'relevance_score': '0.120431', 'ticker_sentiment_score': '0.097287', 'ticker_sentiment_label': 'Neutral'}, {'ticker': 'FOREX:AMD', 'relevance_score': '0.120431', 'ticker_sentiment_score': '0.120743', 'ticker_sentiment_label': 'Neutral'}]"
32,"Palantir, Salesforce, And Snowflake Made The Cut, But 2 'Magnificent 7' Giants Left Out From Dan Ives' Top 10 Tech Winners For The AI Revolution In 2025 List - Apple  ( NASDAQ:AAPL ) , Amazon.com  ( NASDAQ:AMZN ) ",https://www.benzinga.com/24/12/42735573/two-magnificent-7-giants-snubbed-in-dan-ives-top-10-tech-winners-for-the-ai-revolution-into-2025-but-palantir-sal,2024-12-31 03:43:45,['Ananya Gairola'],"On Monday, Wedbush analyst Dan Ives unveiled his top 10 tech winners for the AI revolution into 2025, leaving two major Magnificent 7 players notably absent from the list. What Happened: In his post, Ives said that the companies are poised to ride the wave of a $2 trillion AI capital expenditure ...",https://cdn.benzinga.com/files/images/story/2024/12/30/Magnificent-Seven.jpeg?width=1200&height=800&fit=crop,Benzinga,Markets,www.benzinga.com,"[{'topic': 'Retail & Wholesale', 'relevance_score': '0.333333'}, {'topic': 'Financial Markets', 'relevance_score': '0.538269'}, {'topic': 'Manufacturing', 'relevance_score': '0.333333'}, {'topic': 'Technology', 'relevance_score': '0.333333'}]",0.329768,Somewhat-Bullish,"[{'ticker': 'MSFT', 'relevance_score': '0.265859', 'ticker_sentiment_score': '0.223704', 'ticker_sentiment_label': 'Somewhat-Bullish'}, {'ticker': 'GOOG', 'relevance_score': '0.265859', 'ticker_sentiment_score': '0.223704', 'ticker_sentiment_label': 'Somewhat-Bullish'}, {'ticker': 'META', 'relevance_score': '0.179121', 'ticker_sentiment_score': '0.153386', 'ticker_sentiment_label': 'Somewhat-Bullish'}, {'ticker': 'NVDA', 'relevance_score': '0.349329', 'ticker_sentiment_score': '0.311672', 'ticker_sentiment_label': 'Somewhat-Bullish'}, {'ticker': 'AAPL', 'relevance_score': '0.349329', 'ticker_sentiment_score': '0.481748', 'ticker_sentiment_label': 'Bullish'}, {'ticker': 'TSLA', 'relevance_score': '0.349329', 'ticker_sentiment_score': '0.22705', 'ticker_sentiment_label': 'Somewhat-Bullish'}, {'ticker': 'SNOW', 'relevance_score': '0.179121', 'ticker_sentiment_score': '0.183929', 'ticker_sentiment_label': 'Somewhat-Bullish'}, {'ticker': 'MDB', 'relevance_score': '0.179121', 'ticker_sentiment_score': '0.183929', 'ticker_sentiment_label': 'Somewhat-Bullish'}, {'ticker': 'PEGA', 'relevance_score': '0.179121', 'ticker_sentiment_score': '0.183929', 'ticker_sentiment_label': 'Somewhat-Bullish'}, {'ticker': 'AMZN', 'relevance_score': '0.179121', 'ticker_sentiment_score': '0.198815', 'ticker_sentiment_label': 'Somewhat-Bullish'}, {'ticker': 'PLTR', 'relevance_score': '0.179121', 'ticker_sentiment_score': '0.183929', 'ticker_sentiment_label': 'Somewhat-Bullish'}]"
33,"Dow Jones 2024 Scoreboard: Top 5 Winners, Losers - And How Amazon, Nvidia Could Reshape 2025 - SPDR Dow Jones Industrial Average ETF  ( ARCA:DIA ) ",https://www.benzinga.com/etfs/broad-u-s-equity-etfs/24/12/42726598/dow-jones-2024-scoreboard-top-5-winners-losers-and-how-amazon-nvidia-could-reshape-202,2024-12-30 17:48:46,['Chris Katje'],"The Dow Jones Industrial Average hit an all-time high of over 45,000 points in December, one of several stock market indexes to hit records after Donald Trump won the 2024 presidential election.",https://cdn.benzinga.com/files/images/story/2024/12/30/trader-ai7.png?width=1200&height=800&fit=crop,Benzinga,Trading,www.benzinga.com,"[{'topic': 'Life Sciences', 'relevance_score': '0.25'}, {'topic': 'Retail & Wholesale', 'relevance_score': '0.25'}, {'topic': 'Financial Markets', 'relevance_score': '0.967645'}, {'topic': 'Manufacturing', 'relevance_score': '0.25'}, {'topic': 'Technology', 'relevance_score': '0.25'}]",0.076114,Neutral,"[{'ticker': 'MSFT', 'relevance_score': '0.13347', 'ticker_sentiment_score': '0.129756', 'ticker_sentiment_label': 'Neutral'}, {'ticker': 'NVDA', 'relevance_score': '0.263231', 'ticker_sentiment_score': '0.111535', 'ticker_sentiment_label': 'Neutral'}, {'ticker': 'AAPL', 'relevance_score': '0.13347', 'ticker_sentiment_score': '0.109409', 'ticker_sentiment_label': 'Neutral'}, {'ticker': 'SHW', 'relevance_score': '0.199037', 'ticker_sentiment_score': '0.050694', 'ticker_sentiment_label': 'Neutral'}, {'ticker': 'INTC', 'relevance_score': '0.199037', 'ticker_sentiment_score': '-0.211106', 'ticker_sentiment_label': 'Somewhat-Bearish'}, {'ticker': 'DOW', 'relevance_score': '0.13347', 'ticker_sentiment_score': '0.104625', 'ticker_sentiment_label': 'Neutral'}, {'ticker': 'AMZN', 'relevance_score': '0.199037', 'ticker_sentiment_score': '0.089238', 'ticker_sentiment_label': 'Neutral'}, {'ticker': 'BA', 'relevance_score': '0.06697', 'ticker_sentiment_score': '-0.066391', 'ticker_sentiment_label': 'Neutral'}]"
34,Wall Street Stories of 2024 Likely to Stay Hot in 2025: Key Picks,https://www.zacks.com/stock/news/2389552/wall-street-stories-of-2024-likely-to-stay-hot-in-2025-key-picks,2024-12-30 16:24:00,['Sweta Killa'],"Here, we discuss some top Wall Street events of 2024 that are expected to have an impact in 2025 as well.",https://staticx-tuner.zacks.com/images/articles/main/91/69871.jpg,Zacks Commentary,n/a,www.zacks.com,"[{'topic': 'Energy & Transportation', 'relevance_score': '0.2'}, {'topic': 'Technology', 'relevance_score': '0.2'}, {'topic': 'Finance', 'relevance_score': '0.2'}, {'topic': 'Blockchain', 'relevance_score': '0.576289'}, {'topic': 'Economy - Monetary', 'relevance_score': '0.451494'}, {'topic': 'Retail & Wholesale', 'relevance_score': '0.2'}, {'topic': 'Financial Markets', 'relevance_score': '0.99393'}, {'topic': 'Manufacturing', 'relevance_score': '0.2'}, {'topic': 'Earnings', 'relevance_score': '0.769861'}]",0.31216,Somewhat-Bullish,"[{'ticker': 'GOOG', 'relevance_score': '0.036255', 'ticker_sentiment_score': '0.053615', 'ticker_sentiment_label': 'Neutral'}, {'ticker': 'META', 'relevance_score': '0.072435', 'ticker_sentiment_score': '0.15927', 'ticker_sentiment_label': 'Somewhat-Bullish'}, {'ticker': 'NVDA', 'relevance_score': '0.072435', 'ticker_sentiment_score': '0.15927', 'ticker_sentiment_label': 'Somewhat-Bullish'}, {'ticker': 'AAPL', 'relevance_score': '0.072435', 'ticker_sentiment_score': '0.15927', 'ticker_sentiment_label': 'Somewhat-Bullish'}, {'ticker': 'TSLA', 'relevance_score': '0.072435', 'ticker_sentiment_score': '0.15927', 'ticker_sentiment_label': 'Somewhat-Bullish'}, {'ticker': 'HLI', 'relevance_score': '0.108466', 'ticker_sentiment_score': '0.150338', 'ticker_sentiment_label': 'Somewhat-Bullish'}, {'ticker': 'VST', 'relevance_score': '0.072435', 'ticker_sentiment_score': '0.15927', 'ticker_sentiment_label': 'Somewhat-Bullish'}, {'ticker': 'AMZN', 'relevance_score': '0.072435', 'ticker_sentiment_score': '0.15927', 'ticker_sentiment_label': 'Somewhat-Bullish'}, {'ticker': 'COIN', 'relevance_score': '0.108466', 'ticker_sentiment_score': '0.147655', 'ticker_sentiment_label': 'Neutral'}, {'ticker': 'GME', 'relevance_score': '0.108466', 'ticker_sentiment_score': '0.143062', 'ticker_sentiment_label': 'Neutral'}, {'ticker': 'CRYPTO:BTC', 'relevance_score': '0.036255', 'ticker_sentiment_score': '0.131936', 'ticker_sentiment_label': 'Neutral'}]"
35,Here's Why You Should Stay Away From RCI Stock Entering Into 2025,https://www.zacks.com/stock/news/2389545/heres-why-you-should-stay-away-from-rci-stock-entering-into-2025,2024-12-30 16:14:00,['Zacks Equity Research'],"Roger Communications is suffering due to intense competition, declining cable revenues and shifting consumer trends, which are impacting its market position.",https://staticx-tuner.zacks.com/images/articles/main/13/203.jpg,Zacks Commentary,n/a,www.zacks.com,"[{'topic': 'Earnings', 'relevance_score': '0.614606'}, {'topic': 'Technology', 'relevance_score': '1.0'}, {'topic': 'Financial Markets', 'relevance_score': '0.538269'}]",0.116004,Neutral,"[{'ticker': 'NFLX', 'relevance_score': '0.153961', 'ticker_sentiment_score': '0.055685', 'ticker_sentiment_label': 'Neutral'}, {'ticker': 'AAPL', 'relevance_score': '0.153961', 'ticker_sentiment_score': '0.055685', 'ticker_sentiment_label': 'Neutral'}]"
36,"Industry Comparison: Evaluating Apple Against Competitors In Technology Hardware, Storage & Peripherals Industry - Apple  ( NASDAQ:AAPL ) ",https://www.benzinga.com/insights/news/24/12/42723505/industry-comparison-evaluating-apple-against-competitors-in-technology-hardware-storage-amp-periphe,2024-12-30 16:00:34,['Benzinga Insights'],"In the fast-paced and highly competitive business world of today, conducting thorough company analysis is essential for investors and industry observers. In this article, we will conduct an extensive industry comparison, evaluating Apple AAPL in relation to its major competitors in the Technology ...",https://www.benzinga.com/files/images/story/2024/1735570831_0.png,Benzinga,Trading,www.benzinga.com,"[{'topic': 'Earnings', 'relevance_score': '0.875462'}, {'topic': 'Technology', 'relevance_score': '1.0'}, {'topic': 'Financial Markets', 'relevance_score': '0.503496'}]",0.252398,Somewhat-Bullish,"[{'ticker': 'AAPL', 'relevance_score': '0.462743', 'ticker_sentiment_score': '0.291715', 'ticker_sentiment_label': 'Somewhat-Bullish'}]"
37,"Apple's Chinese Rival Huawei Slashes Prices For New Year Boost: Should Tim Cook-Led Company Be Worried? Here's What Analysts Are Saying About AAPL Stock - Invesco QQQ Trust, Series 1  ( NASDAQ:QQQ ) ",https://www.benzinga.com/analyst-ratings/analyst-color/24/12/42721523/apples-chinese-rival-huawei-slashes-prices-for-new-year-boost-should-tim-cook-led-c,2024-12-30 14:47:03,['Rishabh Mishra'],"Huawei's market share gains jumped by 42% in Q3 in China. Get New Picks of the Market's Top Stocks Apple Inc's AAPL new intelligence features for the iOS 18, iPadOS 18, and macOS Sequoia 15.1 updates are expected to boost sales as it enters other geographies in 2025.",https://editorial-assets.benzinga.com/wp-content/uploads/2024/12/30072445/Apple-ANR.png,Benzinga,Markets,www.benzinga.com,"[{'topic': 'Technology', 'relevance_score': '0.5'}, {'topic': 'Finance', 'relevance_score': '0.5'}, {'topic': 'Financial Markets', 'relevance_score': '0.650727'}]",0.261039,Somewhat-Bullish,"[{'ticker': 'AAPL', 'relevance_score': '0.594159', 'ticker_sentiment_score': '0.354126', 'ticker_sentiment_label': 'Bullish'}, {'ticker': 'BCS', 'relevance_score': '0.179343', 'ticker_sentiment_score': '-0.034616', 'ticker_sentiment_label': 'Neutral'}, {'ticker': 'WB', 'relevance_score': '0.060236', 'ticker_sentiment_score': '0.128155', 'ticker_sentiment_label': 'Neutral'}, {'ticker': 'IVZ', 'relevance_score': '0.060236', 'ticker_sentiment_score': '0.154678', 'ticker_sentiment_label': 'Somewhat-Bullish'}, {'ticker': 'MS', 'relevance_score': '0.12013', 'ticker_sentiment_score': '0.008137', 'ticker_sentiment_label': 'Neutral'}]"
38,Nvidia Targets Robotics as Next Big Opportunity Amid Rising AI Rivalry - NVIDIA  ( NASDAQ:NVDA ) ,https://www.benzinga.com/media/24/12/42721414/nvidia-targets-robotics-as-next-big-opportunity-amid-rising-ai-rivalry,2024-12-30 14:41:18,['Anusuya Lahiri'],Nvidia eyes robotics as a growth catalyst amid rising AI competition. Nvidia to launch Jetson Thor computers for humanoid robots in 2025. Get New Picks of the Market's Top Stocks,https://cdn.benzinga.com/files/images/story/2024/12/30/Updates-from-Monday.jpeg?width=1200&height=800&fit=crop,Benzinga,News,www.benzinga.com,"[{'topic': 'Financial Markets', 'relevance_score': '0.94762'}, {'topic': 'Manufacturing', 'relevance_score': '0.5'}, {'topic': 'Earnings', 'relevance_score': '0.360215'}, {'topic': 'Technology', 'relevance_score': '0.5'}]",0.169249,Somewhat-Bullish,"[{'ticker': 'AMD', 'relevance_score': '0.165598', 'ticker_sentiment_score': '0.11827', 'ticker_sentiment_label': 'Neutral'}, {'ticker': 'GOOG', 'relevance_score': '0.324139', 'ticker_sentiment_score': '0.174533', 'ticker_sentiment_label': 'Somewhat-Bullish'}, {'ticker': 'NVDA', 'relevance_score': '0.749784', 'ticker_sentiment_score': '0.320927', 'ticker_sentiment_label': 'Somewhat-Bullish'}, {'ticker': 'AAPL', 'relevance_score': '0.165598', 'ticker_sentiment_score': '-0.004209', 'ticker_sentiment_label': 'Neutral'}]"
39,"This Analyst With 82% Accuracy Rate Sees Around 28% Upside In Apple - Here Are 5 Stock Picks For Last Week From Wall Street's Most Accurate Analysts - Apple  ( NASDAQ:AAPL ) , Datadog  ( NASDAQ:DDOG ) ",https://www.benzinga.com/24/12/42720315/this-analyst-with-82-accuracy-rate-sees-around-28-upside-in-apple-here-are-5-stock-picks-for-last-week-from-wall-,2024-12-30 13:45:15,['Avi Kapoor'],"U.S. stocks settled lower on Friday, with the Dow Jones index dipping more than 300 points during the session. However, major indexes still recorded gains last week. The blue-chip index gained around 0.4% last week, ending a three-week losing streak, while the S&P 500 added 0.7%.",https://cdn.benzinga.com/files/images/story/2024/12/30/Apple-Stock-Jumps-39-YTD.jpeg?width=1200&height=800&fit=crop,Benzinga,Trading,www.benzinga.com,"[{'topic': 'Real Estate & Construction', 'relevance_score': '0.5'}, {'topic': 'Technology', 'relevance_score': '0.5'}, {'topic': 'Financial Markets', 'relevance_score': '0.999997'}]",0.151799,Somewhat-Bullish,"[{'ticker': 'APG', 'relevance_score': '0.066598', 'ticker_sentiment_score': '0.101202', 'ticker_sentiment_label': 'Neutral'}, {'ticker': 'ENFN', 'relevance_score': '0.197951', 'ticker_sentiment_score': '0.0', 'ticker_sentiment_label': 'Neutral'}, {'ticker': 'GOOG', 'relevance_score': '0.197951', 'ticker_sentiment_score': '0.093476', 'ticker_sentiment_label': 'Neutral'}, {'ticker': 'AAPL', 'relevance_score': '0.197951', 'ticker_sentiment_score': '0.033678', 'ticker_sentiment_label': 'Neutral'}, {'ticker': 'DDOG', 'relevance_score': '0.197951', 'ticker_sentiment_score': '0.0', 'ticker_sentiment_label': 'Neutral'}]"
40,Buy 3 Carillon Mutual Funds for Great Returns,https://www.zacks.com/stock/news/2389261/buy-3-carillon-mutual-funds-for-great-returns,2024-12-30 13:15:00,['Zacks Equity Research'],"Invests in Carillon mutual funds such as HAGAX, EISIX and HRCIX for sustainable returns.",https://staticx-tuner.zacks.com/images/articles/main/a8/346.jpg,Zacks Commentary,n/a,www.zacks.com,"[{'topic': 'Retail & Wholesale', 'relevance_score': '0.333333'}, {'topic': 'Financial Markets', 'relevance_score': '0.999186'}, {'topic': 'Manufacturing', 'relevance_score': '0.333333'}, {'topic': 'Earnings', 'relevance_score': '0.451494'}, {'topic': 'Technology', 'relevance_score': '0.333333'}]",0.263989,Somewhat-Bullish,"[{'ticker': 'MSFT', 'relevance_score': '0.07157', 'ticker_sentiment_score': '0.050242', 'ticker_sentiment_label': 'Neutral'}, {'ticker': 'NVDA', 'relevance_score': '0.07157', 'ticker_sentiment_score': '0.050242', 'ticker_sentiment_label': 'Neutral'}, {'ticker': 'AAPL', 'relevance_score': '0.07157', 'ticker_sentiment_score': '0.050242', 'ticker_sentiment_label': 'Neutral'}, {'ticker': 'TGOPF', 'relevance_score': '0.07157', 'ticker_sentiment_score': '0.00303', 'ticker_sentiment_label': 'Neutral'}, {'ticker': 'ROST', 'relevance_score': '0.07157', 'ticker_sentiment_score': '0.049236', 'ticker_sentiment_label': 'Neutral'}, {'ticker': 'WAB', 'relevance_score': '0.07157', 'ticker_sentiment_score': '0.049236', 'ticker_sentiment_label': 'Neutral'}, {'ticker': 'TSM', 'relevance_score': '0.07157', 'ticker_sentiment_score': '0.00303', 'ticker_sentiment_label': 'Neutral'}]"
41,Should SPDR S&P 500 ETF  ( SPY )  Be on Your Investing Radar?,https://www.zacks.com/stock/news/2389221/should-spdr-sp-500-etf-spy-be-on-your-investing-radar,2024-12-30 12:20:09,['Zacks Equity Research'],Style Box ETF report for SPY ...,https://staticx-tuner.zacks.com/images/default_article_images/default30.jpg,Zacks Commentary,n/a,www.zacks.com,"[{'topic': 'Financial Markets', 'relevance_score': '1.0'}, {'topic': 'Manufacturing', 'relevance_score': '0.333333'}, {'topic': 'Technology', 'relevance_score': '0.333333'}, {'topic': 'Finance', 'relevance_score': '0.333333'}]",0.152698,Somewhat-Bullish,"[{'ticker': 'MSFT', 'relevance_score': '0.130926', 'ticker_sentiment_score': '0.070514', 'ticker_sentiment_label': 'Neutral'}, {'ticker': 'NVDA', 'relevance_score': '0.130926', 'ticker_sentiment_score': '0.070514', 'ticker_sentiment_label': 'Neutral'}, {'ticker': 'AAPL', 'relevance_score': '0.130926', 'ticker_sentiment_score': '0.070514', 'ticker_sentiment_label': 'Neutral'}, {'ticker': 'STT', 'relevance_score': '0.065685', 'ticker_sentiment_score': '0.05005', 'ticker_sentiment_label': 'Neutral'}]"
42,Is Franklin U.S. Equity Index ETF  ( USPX )  a Strong ETF Right Now?,https://www.zacks.com/stock/news/2389226/is-franklin-us-equity-index-etf-uspx-a-strong-etf-right-now,2024-12-30 12:20:08,['Zacks Equity Research'],Smart Beta ETF report for ...,https://staticx-tuner.zacks.com/images/default_article_images/default217.jpg,Zacks Commentary,n/a,www.zacks.com,"[{'topic': 'Financial Markets', 'relevance_score': '1.0'}, {'topic': 'Manufacturing', 'relevance_score': '0.333333'}, {'topic': 'Technology', 'relevance_score': '0.333333'}, {'topic': 'Finance', 'relevance_score': '0.333333'}]",0.228665,Somewhat-Bullish,"[{'ticker': 'MSFT', 'relevance_score': '0.112797', 'ticker_sentiment_score': '0.0606', 'ticker_sentiment_label': 'Neutral'}, {'ticker': 'NVDA', 'relevance_score': '0.112797', 'ticker_sentiment_score': '0.0606', 'ticker_sentiment_label': 'Neutral'}, {'ticker': 'AAPL', 'relevance_score': '0.112797', 'ticker_sentiment_score': '0.0606', 'ticker_sentiment_label': 'Neutral'}, {'ticker': 'MORN', 'relevance_score': '0.05654', 'ticker_sentiment_score': '0.066917', 'ticker_sentiment_label': 'Neutral'}]"
43,Should iShares Russell Top 200 Growth ETF  ( IWY )  Be on Your Investing Radar?,https://www.zacks.com/stock/news/2389228/should-ishares-russell-top-200-growth-etf-iwy-be-on-your-investing-radar,2024-12-30 12:20:07,['Zacks Equity Research'],Style Box ETF report for ...,https://staticx-tuner.zacks.com/images/default_article_images/default89.jpg,Zacks Commentary,n/a,www.zacks.com,"[{'topic': 'Financial Markets', 'relevance_score': '1.0'}, {'topic': 'Manufacturing', 'relevance_score': '0.333333'}, {'topic': 'Earnings', 'relevance_score': '0.310843'}, {'topic': 'Technology', 'relevance_score': '0.333333'}, {'topic': 'Finance', 'relevance_score': '0.333333'}]",0.299468,Somewhat-Bullish,"[{'ticker': 'MSFT', 'relevance_score': '0.1172', 'ticker_sentiment_score': '0.067113', 'ticker_sentiment_label': 'Neutral'}, {'ticker': 'NVDA', 'relevance_score': '0.1172', 'ticker_sentiment_score': '0.067113', 'ticker_sentiment_label': 'Neutral'}, {'ticker': 'AAPL', 'relevance_score': '0.1172', 'ticker_sentiment_score': '0.067113', 'ticker_sentiment_label': 'Neutral'}, {'ticker': 'IVZ', 'relevance_score': '0.1172', 'ticker_sentiment_score': '0.101829', 'ticker_sentiment_label': 'Neutral'}]"
44,Is FlexShares Quality Dividend ETF  ( QDF )  a Strong ETF Right Now?,https://www.zacks.com/stock/news/2389234/is-flexshares-quality-dividend-etf-qdf-a-strong-etf-right-now,2024-12-30 12:20:06,['Zacks Equity Research'],Smart Beta ETF report for ...,https://staticx-tuner.zacks.com/images/default_article_images/default351.jpg,Zacks Commentary,n/a,www.zacks.com,"[{'topic': 'Financial Markets', 'relevance_score': '1.0'}, {'topic': 'Manufacturing', 'relevance_score': '0.333333'}, {'topic': 'Technology', 'relevance_score': '0.333333'}, {'topic': 'Finance', 'relevance_score': '0.333333'}]",0.205928,Somewhat-Bullish,"[{'ticker': 'MSFT', 'relevance_score': '0.108958', 'ticker_sentiment_score': '0.042401', 'ticker_sentiment_label': 'Neutral'}, {'ticker': 'NVDA', 'relevance_score': '0.108958', 'ticker_sentiment_score': '0.042401', 'ticker_sentiment_label': 'Neutral'}, {'ticker': 'AAPL', 'relevance_score': '0.108958', 'ticker_sentiment_score': '0.042401', 'ticker_sentiment_label': 'Neutral'}, {'ticker': 'NTRS', 'relevance_score': '0.162802', 'ticker_sentiment_score': '0.12553', 'ticker_sentiment_label': 'Neutral'}]"
45,"Nvidia Tops Tesla As Better Bet Over 10 Years, Says Ross Gerber: Must Have In Portfolio Along With These 2 Stocks - Microsoft  ( NASDAQ:MSFT ) , Apple  ( NASDAQ:AAPL ) ",https://www.benzinga.com/markets/equities/24/12/42717543/nvidia-tops-tesla-as-better-bet-over-10-years-says-ross-gerber-must-have-in-portfolio-along-with,2024-12-30 08:21:51,['Kaustubh Bagalkote'],"Nvidia Corp. NVDA has proven to be a more lucrative investment than Tesla Inc. TSLA over the past decade, according to Ross Gerber, CEO of Gerber Kawasaki Wealth & Investment Management, who recommends treating the chipmaker as a core portfolio holding alongside tech giants.",https://cdn.benzinga.com/files/images/story/2024/12/30/The-Pitfall-of-Market-Timing.jpeg?width=1200&height=800&fit=crop,Benzinga,Markets,www.benzinga.com,"[{'topic': 'Technology', 'relevance_score': '0.5'}, {'topic': 'Financial Markets', 'relevance_score': '0.990999'}, {'topic': 'Manufacturing', 'relevance_score': '0.5'}]",0.347477,Somewhat-Bullish,"[{'ticker': 'MSFT', 'relevance_score': '0.264897', 'ticker_sentiment_score': '0.131394', 'ticker_sentiment_label': 'Neutral'}, {'ticker': 'NVDA', 'relevance_score': '0.740604', 'ticker_sentiment_score': '0.527583', 'ticker_sentiment_label': 'Bullish'}, {'ticker': 'AAPL', 'relevance_score': '0.264897', 'ticker_sentiment_score': '0.131394', 'ticker_sentiment_label': 'Neutral'}, {'ticker': 'TSLA', 'relevance_score': '0.570165', 'ticker_sentiment_score': '0.47362', 'ticker_sentiment_label': 'Bullish'}]"
46,Galaxy S25 Slim Delayed? Samsung's Sleek New Model Won't Reportedly Be Part Of The First Wave In Early 2025 - Samsung Electronics Co  ( OTC:SSNLF ) ,https://www.benzinga.com/media/24/12/42717053/galaxy-s25-slim-delayed-samsungs-sleek-new-model-wont-reportedly-be-part-of-the-first-wave-in-early-2025,2024-12-30 04:03:13,['Ananya Gairola'],"Samsung Electronics Co.'s SSNLF Galaxy S25 Slim is reportedly not launching alongside the rest of the S25 series in early 2025. What Happened: The Galaxy S25 Slim, identified as model SM-S937, is absent from the carrier-specific list in the One UI 7 beta, reported Android Authority.",https://cdn.benzinga.com/files/images/story/2024/12/29/Samsung-Galaxy-Photo-by-Karlis-Dambrans-.jpeg?width=1200&height=800&fit=crop,Benzinga,News,www.benzinga.com,"[{'topic': 'Earnings', 'relevance_score': '0.538269'}, {'topic': 'Technology', 'relevance_score': '1.0'}]",0.093649,Neutral,"[{'ticker': 'SSNLF', 'relevance_score': '0.497391', 'ticker_sentiment_score': '0.232172', 'ticker_sentiment_label': 'Somewhat-Bullish'}, {'ticker': 'SSTK', 'relevance_score': '0.1331', 'ticker_sentiment_score': '0.0', 'ticker_sentiment_label': 'Neutral'}, {'ticker': 'AAPL', 'relevance_score': '0.1331', 'ticker_sentiment_score': '-0.158294', 'ticker_sentiment_label': 'Somewhat-Bearish'}]"
47,"Apple's AI-Driven Growth, AirTag 2, AirPods' Health Features, And iPhone 17 Pro: This Week In Appleverse - Apple  ( NASDAQ:AAPL ) ",https://www.benzinga.com/tech/24/12/42715283/apples-ai-driven-growth-airtag-2-airpods-health-features-and-iphone-17-pro-this-week-in-appleverse,2024-12-29 13:00:18,['Benzinga Neuro'],"The holiday week was abuzz with news from Apple Inc. AAPL. The tech giant continues to make headlines with its innovative products and bullish market predictions. From the anticipated AI-driven iPhone upgrade cycle to the rumored features of the AirTag 2, AirPods, and the M4 MacBook Air, Apple's ...",https://cdn.benzinga.com/files/images/story/2024/12/29/Apples-2024-Black-Friday-Deals-Gift-Card.jpeg?width=1200&height=800&fit=crop,Benzinga,News,www.benzinga.com,"[{'topic': 'Technology', 'relevance_score': '1.0'}, {'topic': 'Financial Markets', 'relevance_score': '0.796627'}]",0.336305,Somewhat-Bullish,"[{'ticker': 'AAPL', 'relevance_score': '0.570165', 'ticker_sentiment_score': '0.530801', 'ticker_sentiment_label': 'Bullish'}, {'ticker': 'WB', 'relevance_score': '0.104683', 'ticker_sentiment_score': '0.076871', 'ticker_sentiment_label': 'Neutral'}]"
48,3 Top Semiconductor Stocks to Buy for 2025,https://www.zacks.com/commentary/2389071/3-top-semiconductor-stocks-to-buy-for-2025,2024-12-28 23:57:00,['Shaun Pruitt'],"With the global market for artificial intelligence presumed to be worth trillions in the coming years, these top semiconductor stocks should be lucrative investments going into 2025.",https://staticx-tuner.zacks.com/images/default_article_images/default72.jpg,Zacks Commentary,n/a,www.zacks.com,"[{'topic': 'Retail & Wholesale', 'relevance_score': '0.333333'}, {'topic': 'Manufacturing', 'relevance_score': '0.333333'}, {'topic': 'Earnings', 'relevance_score': '0.158519'}, {'topic': 'Technology', 'relevance_score': '0.333333'}]",0.381504,Bullish,"[{'ticker': 'MSFT', 'relevance_score': '0.194242', 'ticker_sentiment_score': '0.071811', 'ticker_sentiment_label': 'Neutral'}, {'ticker': 'META', 'relevance_score': '0.194242', 'ticker_sentiment_score': '0.071811', 'ticker_sentiment_label': 'Neutral'}, {'ticker': 'NVDA', 'relevance_score': '0.461283', 'ticker_sentiment_score': '0.491906', 'ticker_sentiment_label': 'Bullish'}, {'ticker': 'AAPL', 'relevance_score': '0.287762', 'ticker_sentiment_score': '0.13517', 'ticker_sentiment_label': 'Neutral'}, {'ticker': 'AVGO', 'relevance_score': '0.377142', 'ticker_sentiment_score': '0.33769', 'ticker_sentiment_label': 'Somewhat-Bullish'}, {'ticker': 'AMZN', 'relevance_score': '0.194242', 'ticker_sentiment_score': '0.071811', 'ticker_sentiment_label': 'Neutral'}]"
49,"The Last Time Taiwan Semiconductor Did This, the Stock Doubed in a Year",https://www.fool.com/investing/2024/12/28/the-last-time-taiwan-semiconductor-did-this-the/,2024-12-28 13:15:00,['Keithen Drury'],"While a company's past performance is no guarantee of its future results, history is one of the few reasonable things we can use to guide our predictions. Particularly for cyclical companies, it can be a pretty good indicator of what's to come.",https://media.ycharts.com/charts/f11ecf593e1f3430a8b93900735b9fee.png,Motley Fool,n/a,www.fool.com,"[{'topic': 'Financial Markets', 'relevance_score': '0.459462'}, {'topic': 'Manufacturing', 'relevance_score': '0.5'}, {'topic': 'Earnings', 'relevance_score': '0.905476'}, {'topic': 'Technology', 'relevance_score': '0.5'}]",0.195568,Somewhat-Bullish,"[{'ticker': 'NVDA', 'relevance_score': '0.108712', 'ticker_sentiment_score': '0.127725', 'ticker_sentiment_label': 'Neutral'}, {'ticker': 'AAPL', 'relevance_score': '0.108712', 'ticker_sentiment_score': '0.127725', 'ticker_sentiment_label': 'Neutral'}, {'ticker': 'TSM', 'relevance_score': '0.108712', 'ticker_sentiment_score': '0.143665', 'ticker_sentiment_label': 'Neutral'}]"
